965234,16057,garbanzo beans,https://spoonacular.com/cdn/ingredients_100x100/chickpeas.jpg
965234,11916,roasted red pepper,https://spoonacular.com/cdn/ingredients_100x100/red-bell-pepper.png
965234,9152,lemon juice,https://spoonacular.com/cdn/ingredients_100x100/lemon-juice.jpg
965234,11215,garlic clove,https://spoonacular.com/cdn/ingredients_100x100/garlic-roasted.jpg
965234,4517,grapeseed oil,https://spoonacular.com/cdn/ingredients_100x100/vegetable-oil.jpg
519983,18372,baking soda,https://spoonacular.com/cdn/ingredients_100x100/white-powder.jpg
519983,10116098,creamy peanut butter,https://spoonacular.com/cdn/ingredients_100x100/peanut-butter.png
519983,1123,egg,https://spoonacular.com/cdn/ingredients_100x100/egg.jpg
519983,20081,flour,https://spoonacular.com/cdn/ingredients_100x100/flour.png
519983,19095,ice cream,https://spoonacular.com/cdn/ingredients_100x100/vanilla-ice-cream.png
519983,19334,light brown sugar,https://spoonacular.com/cdn/ingredients_100x100/brown-sugar-dark.jpg
519983,8120,old fashioned rolled oats,https://spoonacular.com/cdn/ingredients_100x100/rolled-oats.jpg
519983,2047,salt,https://spoonacular.com/cdn/ingredients_100x100/salt.jpg
519983,10019903,semi sweet chocolate chips,https://spoonacular.com/cdn/ingredients_100x100/chocolate-chips.jpg
519983,1095,sweetened condensed milk,https://spoonacular.com/cdn/ingredients_100x100/evaporated-milk.png
519983,1145,unsalted butter,https://spoonacular.com/cdn/ingredients_100x100/butter-sliced.jpg
519983,2050,vanilla extract,https://spoonacular.com/cdn/ingredients_100x100/vanilla-extract.jpg582127,1077,whole milk,https://spoonacular.com/cdn/ingredients_100x100/milk.jpg
582127,1053,heavy cream,https://spoonacular.com/cdn/ingredients_100x100/fluid-cream.jpg
582127,1082047,kosher salt,https://spoonacular.com/cdn/ingredients_100x100/salt.jpg
582127,19334,light brown sugar,https://spoonacular.com/cdn/ingredients_100x100/brown-sugar-dark.jpg
582127,20035,quinoa,https://spoonacular.com/cdn/ingredients_100x100/uncooked-quinoa.png
582127,1077,whole milk,https://spoonacular.com/cdn/ingredients_100x100/milk.jpg
545211,11457,baby spinach leaves,https://spoonacular.com/cdn/ingredients_100x100/spinach.jpg
545211,10011693,canned tomatoes,https://spoonacular.com/cdn/ingredients_100x100/tomatoes-canned.jpg
545211,1017,cream cheese,https://spoonacular.com/cdn/ingredients_100x100/cream-cheese.jpg
545211,11215,garlic,https://spoonacular.com/cdn/ingredients_100x100/garlic-roasted.jpg
545211,9152,lemon juice,https://spoonacular.com/cdn/ingredients_100x100/lemon-juice.jpg
545211,4582,oil,https://spoonacular.com/cdn/ingredients_100x100/vegetable-oil.jpg
545211,1033,parmesan cheese,https://spoonacular.com/cdn/ingredients_100x100/parmesan.jpg
545211,11120420,penne pasta,https://spoonacular.com/cdn/ingredients_100x100/penne-pasta.jpg
797272,18621,butter crackers,https://spoonacular.com/cdn/ingredients_100x100/crackers.jpg
797272,9089,figs,https://spoonacular.com/cdn/ingredients_100x100/figs-fresh.jpg
797272,1159,goat cheese,https://spoonacular.com/cdn/ingredients_100x100/goat-cheese.jpg
797272,19296,honey,https://spoonacular.com/cdn/ingredients_100x100/honey.jpg5132,2031,cayenne pepper,https://spoonacular.com/cdn/ingredients_100x100/chili-powder.jpg
5132,20027,cornstarch,https://spoonacular.com/cdn/ingredients_100x100/white-powder.jpg
5132,20027,cornstarch,https://spoonacular.com/cdn/ingredients_100x100/white-powder.jpg
5132,9159,limes,https://spoonacular.com/cdn/ingredients_100x100/lime.jpg
5132,4053,olive oil,https://spoonacular.com/cdn/ingredients_100x100/olive-oil.jpg
5132,1123,eggs,https://spoonacular.com/cdn/ingredients_100x100/egg.jpg
5132,1012047,sea salt,https://spoonacular.com/cdn/ingredients_100x100/salt.jpg
5132,14412,water,https://spoonacular.com/cdn/ingredients_100x100/water.png
5132,9156,lemon rind,https://spoonacular.com/cdn/ingredients_100x100/zest-lemon.jpg
5132,19336,powdered sugar,https://spoonacular.com/cdn/ingredients_100x100/powdered-sugar.jpg
5132,15076,salmon,https://spoonacular.com/cdn/ingredients_100x100/salmon.png
545491,6150,barbecue sauce,https://spoonacular.com/cdn/ingredients_100x100/barbecue-sauce.jpg
545491,1089003,granny smith apples,https://spoonacular.com/cdn/ingredients_100x100/grannysmith-apples.jpg
545491,10011282,red onion,https://spoonacular.com/cdn/ingredients_100x100/red-onion.jpg
545491,1055062,skinless boneless chicken breasts,https://spoonacular.com/cdn/ingredients_100x100/chicken-breasts.png
545491,4639,ranch dressing,https://spoonacular.com/cdn/ingredients_100x100/ranch-dressing.jpg
545491,4114,italian dressing,https://spoonacular.com/cdn/ingredients_100x100/italian-dressing.jpg
545491,21052,salad greens,https://spoonacular.com/cdn/ingredients_100x100/mixed-greens-or-mesclun.jpg
661645,11215,garlic cloves,https://spoonacular.com/cdn/ingredients_100x100/garlic-roasted.jpg
661645,35205,nettles,https://spoonacular.com/cdn/ingredients_100x100/nettle-leaves.jpg
661645,12147,pine nuts,https://spoonacular.com/cdn/ingredients_100x100/pine-nuts.png
661645,1102047,salt and pepper,https://spoonacular.com/cdn/ingredients_100x100/salt-and-pepper.jpg
525171,10014037,bourbon,https://spoonacular.com/cdn/ingredients_100x100/bourbon.jpg
525171,19350,corn syrup,https://spoonacular.com/cdn/ingredients_100x100/corn-syrup.jpg
525171,19335,granulated sugar,https://spoonacular.com/cdn/ingredients_100x100/sugar-in-bowl.png
525171,93813,vanilla bean paste,https://spoonacular.com/cdn/ingredients_100x100/molasses.jpg
969303,11976,banana peppers,https://spoonacular.com/cdn/ingredients_100x100/cubanelle-pepper.jpg
969303,98871,hawaiian rolls,https://spoonacular.com/cdn/ingredients_100x100/sweet-buns.jpg
969303,1002055,horseradish,https://spoonacular.com/cdn/ingredients_100x100/horseradish.jpg
969303,2046,mustard,https://spoonacular.com/cdn/ingredients_100x100/regular-mustard.jpg
969303,10010151,deli ham,https://spoonacular.com/cdn/ingredients_100x100/ham-whole.jpg
969303,1040,swiss cheese,https://spoonacular.com/cdn/ingredients_100x100/Swiss-cheese.jpg
